{
  "num_points": 512,
  "num_valid_input": 469,
  "num_valid_output": 469,
  "mean_input_confidence": 1.0,
  "mean_output_confidence": 0.853985607624054,
  "mean_reliability": 0.7951881289482117,
  "mean_flow_delta": 0.33345460891723633,
  "max_flow_delta": 3.3318774700164795
}