{
  "num_points": 512,
  "num_valid_input": 467,
  "num_valid_output": 467,
  "mean_input_confidence": 1.0,
  "mean_output_confidence": 0.8508062362670898,
  "mean_reliability": 0.7926963567733765,
  "mean_flow_delta": 0.3715571463108063,
  "max_flow_delta": 4.174004554748535
}