{
  "height": 216,
  "width": 384,
  "num_input_points": 256,
  "num_valid_points": 212,
  "num_rasterized_pixels": 212,
  "mean_confidence": 0.9806976318359375,
  "max_distance": 43.863426208496094,
  "mean_distance": 11.253029823303223
}