{
  "num_points": 512,
  "num_valid_input": 465,
  "num_valid_output": 465,
  "mean_input_confidence": 1.0,
  "mean_output_confidence": 0.8468798398971558,
  "mean_reliability": 0.7821053862571716,
  "mean_flow_delta": 0.4588441252708435,
  "max_flow_delta": 3.5111782550811768
}