{
  "height": 436,
  "width": 1024,
  "num_input_points": 512,
  "num_valid_points": 466,
  "num_rasterized_pixels": 466,
  "mean_confidence": 0.8514873385429382,
  "max_distance": 46.097721099853516,
  "mean_distance": 15.057821273803711
}